project,country,status,discovery_year,start_year,operator,owner,parent,fuel_type,unit_type,lat,lng,url
Abang,Nigeria,operating,2002.0,,Mobil,ExxonMobil;Nigerian National Petroleum Corporation,ExxonMobil Corporation;Nigerian National Petroleum Corporation,oil,field,4.229,7.642,https://www.gem.wiki/Abang_Oil_Field_(Nigeria)
Abiteye,Nigeria,operating,1970.0,,Chevron Nigeria Ltd,,,oil and gas,field,5.663,5.296,https://www.gem.wiki/Abiteye_Oil_and_Gas_Field_(Nigeria)
Abo,Nigeria,operating,,2003,Nigerian Agip Exploration,Eni S.P.A. (85%);Oando Energy Resources (15%),Eni S.P.A. (85%);Oando Energy Resources (15%),oil and gas,field,5.761,4.466,https://www.gem.wiki/Abo_Oil_and_Gas_Field_(Nigeria)
Adanga,Nigeria,operating,1980.0,,Addax,,,oil and gas,field,4.308,8.339,https://www.gem.wiki/Adanga_Oil_and_Gas_Field_(Nigeria)
Adanga South,Nigeria,operating,,,Addax,,,oil and gas,field,4.8765,7.2907,https://www.gem.wiki/Adanga_South_Oil_and_Gas_Field_(Nigeria)
Adua,Nigeria,operating,1967.0,,Mobil,,,oil and gas,field,4.1078,7.6988,https://www.gem.wiki/Adua_Oil_and_Gas_Field_(Nigeria)
Afam,Nigeria,operating,,,Nigerian National Petroleum Corporation,,,oil,field,4.801,7.321,https://www.gem.wiki/Afam_Oil_Field_(Nigeria)
Afiesere/Eriemu,Nigeria,operating,1961.0,1964,Nigerian Petroleum Development Company,Nigerian Petroleum Development Company (55%);Shoreline Natural Resources Limited (45%),Nigerian National Petroleum Corporation (55%);Shoreline Power Company Limited (nan%);Heritage Oil Limited (nan%),oil,field,5.5453,6.0273,https://www.gem.wiki/AfiesereEriemu_Oil_Field_(Nigeria)
Agbada,Nigeria,operating,1960.0,,TNOG Oil and Gas Limited,TNOG Oil and Gas Limited (45%);Nigerian National Petroleum Corporation (55%),Nigerian National Petroleum Corporation (55%),oil and gas,field,4.937,6.975,https://www.gem.wiki/Agbada_Oil_and_Gas_Field_(Nigeria)
Agbami,Nigeria,operating,1998.0,2008,Chevron,Chevron (67.3%);Equinor (20.2%);Petrobras (12.5%),Chevron Corporation (67.3%);Equinor ASA (20.2%);Petrobras (12.5%);Petróleo Brasileiro S.A. (12.5%),oil and gas,field,3.429,5.55,https://www.gem.wiki/Agbami_Oil_and_Gas_Field_(Nigeria)
Agbara,Nigeria,operating,1981.0,,Agip Energy and Natural Resources,,,oil and gas,field,3.928,6.386,https://www.gem.wiki/Agbara_Oil_and_Gas_Field_(Nigeria)
Akaso,Nigeria,operating,,,Eroton,Eroton Exploration & Production Company (45%);Nigerian National Petroleum Corporation (55%),Eroton Exploration & Production Company (45%);Nigerian National Petroleum Corporation (55%),oil and gas,field,4.5357,7.0103,https://www.gem.wiki/Akaso_Oil_and_Gas_Field_(Nigeria)
Akpo,Nigeria,operating,2000.0,2009,TotalEnergies Upstream Nigeria Limited,TotalEnergies Upstream Nigeria Limited (24%);Nigerian National Petroleum Corporation (10%);South Atlantic Petroleum (SAPETRO) (5%);CNOOC Limited (45%);Petrobras (16%),TotalEnergies (24%);Nigerian National Petroleum Corporation (10%);South Atlantic Petroleum (5%);CNOOC Limited (45%);Petrobras (16%);Petróleo Brasileiro S.A. (16%),oil and gas,field,3.087,6.811,https://www.gem.wiki/Akpo_Oil_and_Gas_Field_(Nigeria)
Amenam-Kpono,Nigeria,operating,1990.0,2003,TotalEnergies E&P,Nigerian National Petroleum Corporation (60%);TotalEnergies E&P Nigeria Limited (40%),Nigerian National Petroleum Corporation (60%);TotalEnergies (40%),oil and gas,field,4.0855,7.3064,https://www.gem.wiki/Amenam-Kpono_Oil_and_Gas_Field_(Nigeria)
Amoji/Matsogo/Igbolo,Nigeria,operating,,,Swift Oil Limited,Swift Oil Limited (60%),Swift Oil Limited (60%),oil and gas,project,8.6806,7.5529,https://www.gem.wiki/Amoji/Matsogo/Igbolo_Oil_and_Gas_Project_(Nigeria)
Anieze,Nigeria,operating,,,Sterling Exploration and Energy Production Limited,Sterling Exploration and Energy Production Limited (80%);Allene Energy (20%),Sterling Exploration and Energy Production Limited (80%);Allene Energy (20%),oil and gas,field,8.6806,7.5529,https://www.gem.wiki/Anieze_Oil_and_Gas_Field_(Nigeria)
Anyala-Madu,Nigeria,operating,1972.0,2020,FIRST Exploration & Production,FIRST Exploration & Production (40%);Nigerian National Petroleum Corporation (60%),FIRST Exploration and Petroleum Development Company Ltd. (40%);Nigerian National Petroleum Corporation (60%),oil and gas,field,4.0105,5.836,https://www.gem.wiki/Anyala-Madu_Oil_and_Gas_Field_(Nigeria)
Anz,Nigeria,operating,,,Sterling Exploration and Energy Production Company,,,oil and gas,field,8.6806,7.5529,https://www.gem.wiki/Anz_Oil_and_Gas_Field_(Nigeria)
Asabo,Nigeria,operating,1966.0,,Mobil,,,oil and gas,field,4.096,7.772,https://www.gem.wiki/Asabo_Oil_and_Gas_Field_(Nigeria)
Asasa,Nigeria,operating,1966.0,1996,Mobil,ExxonMobil (40%);Nigerian National Petroleum Corporation (60%),ExxonMobil Corporation (40%);Nigerian National Petroleum Corporation (60%),oil,field,4.073,7.981,https://www.gem.wiki/Asasa_Oil_Field_(Nigeria)
Ashaka,Nigeria,operating,,,Nigerian Agip Oil Company,,,oil and gas,field,4.0987,8.0072,https://www.gem.wiki/Ashaka_Oil_and_Gas_Field_(Nigeria)
Assa North-Ohaji South,Nigeria,in development,1992.0,2021 (expected),"Shell Petroleum Development Company of Nigeria (Assa North), Seplat (Ohaji South)",Nigerian Petroleum Development Company (57.5%);Seplat Petroleum (20%);Shell Petroleum Development Company of Nigeria (15%);Eni S.P.A. (2.5%);TotalEnergies (5%),Nigerian National Petroleum Corporation (57.5%);Seplat Petroleum (20%);Nigerian National Petroleum Corporationand Nigerian Agip Oil Company limited (NAOC) 5% (8.2%);Shell plc (4.5%);TotalEnergies (1.5%);Eni (0.8%);Eni S.P.A. (2.5%);TotalEnergies (5%),oil and gas,project,6.8501,5.438,https://www.gem.wiki/Assa_North-Ohaji_South_Oil_and_Gas_Project_(Nigeria)
Awawa,Nigeria,operating,2010.0,,Mobil,ExxonMobil;Nigerian National Petroleum Corporation,ExxonMobil Corporation;Nigerian National Petroleum Corporation,oil and gas,field,3.9184,7.4534,https://www.gem.wiki/Awawa_Oil_and_Gas_Field_(Nigeria)
Awawa/Yoho,Nigeria,operating,,,,,,oil,project,3.894,7.463,https://www.gem.wiki/AwawaYoho_Oil_Project_(Nigeria)
Awoba (Eroton),Nigeria,operating,,,Eroton,Eroton Exploration & Production Company (45%);Nigerian National Petroleum Corporation (55%),Eroton Exploration & Production Company (45%);Nigerian National Petroleum Corporation (55%),oil and gas,field,4.536,6.811,https://www.gem.wiki/Awoba_(Eroton)_Oil_and_Gas_Field_(Nigeria)
Awoba/Ekulama 1 & 2 (Newcross),Nigeria,operating,1958.0,1972,Newcross,Newcross (45%);Nigerian National Petroleum Corporation (55%),Newcross Petroleum Limited (45%);Nigerian National Petroleum Corporation (55%),oil and gas,project,4.536,6.811,https://www.gem.wiki/AwobaEkulama_1_&_2_(Newcross)_Oil_and_Gas_Project_(Nigeria)
Azuzuama,Nigeria,operating,,,Nigerian Agip Oil Company,,,oil and gas,field,4.727,5.904,https://www.gem.wiki/Azuzuama_Oil_and_Gas_Field_(Nigeria)
Barracuda,Nigeria,in development,2020.0,2023,Emerald Energy Resources,,,oil,field,4.2402,6.1994,https://www.gem.wiki/Barracuda_Oil_Field_(Nigeria)
Batan (NPDC),Nigeria,operating,,,Nigerian Petroleum Development Company,,,oil and gas,field,5.5736,5.4804,https://www.gem.wiki/Batan_(NPDC)_Oil_and_Gas_Field_(Nigeria)
Batan (Naconde),Nigeria,operating,,,Naconde,,,oil and gas,field,5.5736,5.4804,https://www.gem.wiki/Batan_(Naconde)_Oil_and_Gas_Field_(Nigeria)
Belema,Nigeria,operating,,,Shell Petroleum Development Company of Nigeria,,,oil and gas,field,4.4,6.616,https://www.gem.wiki/Belema_Oil_and_Gas_Field_(Nigeria)
Benin River,Nigeria,operating,1990.0,,Chevron,,,oil and gas,field,5.8731,5.1888,https://www.gem.wiki/Benin_River_Oil_and_Gas_Field_(Nigeria)
Benisede,Nigeria,operating,,1976,Shell Petroleum Development Company of Nigeria,Shell (30%);Nigerian National Petroleum Corporation (55%);TotalEnergies (10%);Eni S.P.A. (5%),Shell plc (30%);Nigerian National Petroleum Corporation (55%);TotalEnergies (10%);Eni S.P.A. (5%),oil and gas,field,5.027,5.665,https://www.gem.wiki/Benisede_Oil_and_Gas_Field_(Nigeria)
Bonga,Nigeria,operating,1993.0,2005,Shell Nigeria Exploration and Production Company,Shell (55%);Esso (20%);TotalEnergies (12.5%);Agip (12.5%),Shell plc (55%);ExxonMobil Corporation (20%);TotalEnergies (12.5%);Eni S.P.A. (12.5%),oil and gas,field,4.498,4.668,https://www.gem.wiki/Bonga_Oil_and_Gas_Field_(Nigeria)
Bonga Southwest Aparo,Nigeria,in development,,2026 (expected),Shell Nigeria Exploration and Production Company,Shell Petroleum Development Company of Nigeria (55%);Esso (20%);TotalEnergies (12.5%);Agip (12.5%),Nigerian National Petroleum Corporationand Nigerian Agip Oil Company limited (NAOC) 5% (30.3%);Shell plc (16.5%);TotalEnergies (5.5%);Eni (2.8%);ExxonMobil Corporation (20%);TotalEnergies (12.5%);Eni S.P.A. (12.5%),oil and gas,field,4.4634,4.5306,https://www.gem.wiki/Bonga_Southwest_Aparo_Oil_and_Gas_Field_(Nigeria)
Bonny,Nigeria,operating,,,Shell Petroleum Development Company of Nigeria,Nigerian National Petroleum Corporation (55%);Royal Dutch Shell (30%);TotalEnergies (10%);Agip (5%),Nigerian National Petroleum Corporation (55%);Shell plc (nan%);TotalEnergies (10%);Eni S.P.A. (5%),oil,field,4.4649,7.1809,https://www.gem.wiki/Bonny_Oil_Field_(Nigeria)
Buguma Creek,Nigeria,in development,,,Eroton,Eroton Exploration & Production Company (45%);Sahara Field Production Limited (16.2%);San Leon Energy PLC (9.7%);other (29.1%),Eroton Exploration & Production Company (45%);Asharami Energy (16.2%);San Leon Energy PLC (9.7%),oil and gas,field,4.753,6.9047,https://www.gem.wiki/Buguma_Creek_Oil_and_Gas_Field_(Nigeria)
Cawthorne Channel,Nigeria,operating,,,Eroton,Eroton Exploration & Production Company (45%);Nigerian National Petroleum Corporation (55%),Eroton Exploration & Production Company (45%);Nigerian National Petroleum Corporation (55%),oil and gas,field,4.5514,7.0457,https://www.gem.wiki/Cawthorne_Channel_Oil_and_Gas_Field_(Nigeria)
Clough Creek,Nigeria,operating,,,Nigerian Agip Oil Company,,,oil and gas,field,4.8633,5.6844,https://www.gem.wiki/Clough_Creek_Oil_and_Gas_Field_(Nigeria)
Continental,Nigeria,operating,,,Continental,,,oil,field,8.6806,7.5529,https://www.gem.wiki/Continental_Oil_Field_(Nigeria)
Delta,Nigeria,operating,1965.0,,Chevron,Chevron (40%),Chevron Corporation (40%),oil and gas,field,5.65,5.167,https://www.gem.wiki/Delta_Oil_and_Gas_Field_(Nigeria)
Delta South,Nigeria,operating,1965.0,,Chevron,,,oil and gas,field,5.6088,5.1354,https://www.gem.wiki/Delta_South_Oil_and_Gas_Field_(Nigeria)
Dibi,Nigeria,operating,1995.0,1998,Chevron,Chevron (40%);Nigerian National Petroleum Corporation (60%),Chevron Corporation (40%);Nigerian National Petroleum Corporation (60%),oil and gas,field,5.8214,5.2113,https://www.gem.wiki/Dibi_Oil_and_Gas_Field_(Nigeria)
Ea,Nigeria,operating,1965.0,2002,Shell Petroleum Development Company of Nigeria,Nigerian National Petroleum Corporation (55%);Shell (30%);TotalEnergies E&P Nigeria Limited (10%);Eni S.P.A. (5%),Nigerian National Petroleum Corporation (55%);Shell plc (30%);TotalEnergies (10%);Eni S.P.A. (5%),oil and gas,field,4.813,5.349,https://www.gem.wiki/Ea_Oil_and_Gas_Field_(Nigeria)
Ebendo/Obodeti,Nigeria,operating,,,Energia,,,oil and gas,project,8.6806,7.5529,https://www.gem.wiki/Ebendo_Obodeti_Oil_and_Gas_Project_(Nigeria)
Ebocha,Nigeria,operating,,,Nigerian Agip Oil Company,,,oil and gas,field,8.6806,7.5529,https://www.gem.wiki/Ebocha_Oil_and_Gas_Field_(Nigeria)
Ebok,Nigeria,operating,1968.0,2011,Oriental Energy,Oriental Energy Resources Limited (100%),Oriental Energy Resources Limited (100%),oil and gas,field,4.099,8.153,https://www.gem.wiki/Ebok_Oil_and_Gas_Field_(Nigeria)
Ebughu,Nigeria,operating,1983.0,,Addax,,,oil and gas,field,4.282,8.3517,https://www.gem.wiki/Ebughu_Oil_and_Gas_Field_(Nigeria)
Edikan,Nigeria,operating,,,TotalEnergies E&P,Nigerian National Petroleum Corporation (60%);TotalEnergies (40%),Nigerian National Petroleum Corporation (60%);TotalEnergies (40%),oil and gas,field,4.0365,7.693,https://www.gem.wiki/Edikan_Oil_and_Gas_Field_(Nigeria)
Edop,Nigeria,operating,1981.0,,Mobil,ExxonMobil (40%);Nigerian National Petroleum Corporation (60%),ExxonMobil Corporation (40%);Nigerian National Petroleum Corporation (60%),oil and gas,field,4.1496,7.9749,https://www.gem.wiki/Edop_Oil_and_Gas_Field_(Nigeria)
Egbaoma,Nigeria,operating,,,Platform,,,oil and gas,field,8.6806,7.5529,https://www.gem.wiki/Egbaoma_Oil_and_Gas_Field_(Nigeria)
Egina,Nigeria,operating,2003.0,2018,TotalEnergies Upstream Nigeria Limited,TotalEnergies Upstream Nigeria Limited (24%);Nigerian National Petroleum Corporation;South Atlantic Petroleum (SAPETRO) (15%);CNOOC E&P Nigeria Limited (45%);Petrobras (16%),TotalEnergies (24%);Nigerian National Petroleum Corporation (24%);South Atlantic Petroleum (15%);CNOOC Limited (45%);Petrobras (16%);Petróleo Brasileiro S.A. (16%),oil,field,2.979,6.71,https://www.gem.wiki/Egina_Oil_Field_(Nigeria)
Egwa,Nigeria,operating,,1969,Shell Petroleum Development Company of Nigeria,Neconde Energy Limited (45%);Kulczyk Oil Ventures (9%);other (46%),Neconde Energy Limited (45%);Serinus Energy PLC (9%),oil and gas,field,5.622,5.437,https://www.gem.wiki/Egwa_Oil_and_Gas_Field_(Nigeria)
Ekedei,Nigeria,in development,,,Nigerian Agip Oil Company,,,oil and gas,field,6.239,4.9687,https://www.gem.wiki/Ekedei_Oil_and_Gas_Field_(Nigeria)
Ekpe,Nigeria,operating,,,Mobil,,,oil and gas,field,8.6806,7.5529,https://www.gem.wiki/Ekpe_Oil_and_Gas_Field_(Nigeria)
Eku,Nigeria,operating,,,Mobil,,,oil and gas,field,4.251,8.052,https://www.gem.wiki/Eku_Oil_and_Gas_Field_(Nigeria)
Enang,Nigeria,operating,1968.0,,Mobil,,,oil and gas,field,4.193,7.892,https://www.gem.wiki/Enang_Oil_and_Gas_Field_(Nigeria)
Enang West,Nigeria,operating,2001.0,,Mobil,,,oil and gas,field,8.6806,7.5529,https://www.gem.wiki/Enang_West_Oil_and_Gas_Field_(Nigeria)
Erha/Erha North,Nigeria,operating,1999.0,2006,Esso,ExxonMobil (56.2%);Shell Nigeria Exploration & Production Co. Ltd. (43.8%),ExxonMobil Corporation (56.2%);Shell plc (43.8%),oil and gas,field,5.372,4.343,https://www.gem.wiki/ErhaErha_North_Oil_and_Gas_Field_(Nigeria)
Etelebou,Nigeria,operating,,,Shell Petroleum Development Company of Nigeria,Shell Petroleum Development Company of Nigeria (30%);Nigerian National Petroleum Corporation (55%);TotalEnergies E&P Nigeria Limited (10%);Nigerian Agip Oil Company (5%),Nigerian National Petroleum Corporationand Nigerian Agip Oil Company limited (NAOC) 5% (16.5%);Shell plc (9%);TotalEnergies (3%);Eni (1.5%);Nigerian National Petroleum Corporation (55%);TotalEnergies (10%);Eni (5%),oil and gas,field,5.025,6.347,https://www.gem.wiki/Etelebou_Oil_and_Gas_Field_(Nigeria)
Etim/Etimc,Nigeria,operating,1968.0,1972,Mobil,ExxonMobil (40%);Nigerian National Petroleum Corporation (60%),ExxonMobil Corporation (40%);Nigerian National Petroleum Corporation (60%),gas,field,4.106,8.011,https://www.gem.wiki/Etim_Etimc_Gas_Field_(Nigeria)
Evwreni,Nigeria,operating,1967.0,1969,,Shoreline Natural Resources Limited (45%);Nigerian Petroleum Development Company (55%),Shoreline Power Company Limited (nan%);Heritage Oil Limited (nan%);Nigerian National Petroleum Corporation (55%),oil,field,5.3835,6.0363,https://www.gem.wiki/Evwreni_Oil_Field_(Nigeria)
Ewan,Nigeria,operating,,,Chevron,Chevron (40%),Chevron Corporation (40%),oil and gas,field,5.884,4.942,https://www.gem.wiki/Ewan_Oil_and_Gas_Field_(Nigeria)
Forcados Yokri,Nigeria,operating,1968.0,1971,Shell Petroleum Development Company of Nigeria,Shell (30%);Nigerian National Petroleum Corporation (70%),Shell plc (30%);Nigerian National Petroleum Corporation (70%),oil and gas,field,5.3786,5.3265,https://www.gem.wiki/Forcados_Yokri_Oil_and_Gas_Field_(Nigeria)
Frontier Oil,Nigeria,operating,,,Frontier Oil,,,oil and gas,field,8.6806,7.5529,https://www.gem.wiki/Frontier_Oil_and_Gas_Field_(Nigeria)
Funiwa,Nigeria,operating,1978.0,,Chevron,,,oil and gas,field,4.336,5.79,https://www.gem.wiki/Funiwa_Oil_and_Gas_Field_(Nigeria)
Gbaran,Nigeria,operating,,,Shell Petroleum Development Company of Nigeria,Shell Petroleum Development Company of Nigeria (30%);Nigerian National Petroleum Corporation (55%);TotalEnergies E&P Nigeria Limited (10%);Nigerian Agip Oil Company (5%),Nigerian National Petroleum Corporationand Nigerian Agip Oil Company limited (NAOC) 5% (16.5%);Shell plc (9%);TotalEnergies (3%);Eni (1.5%);Nigerian National Petroleum Corporation (55%);TotalEnergies (10%);Eni (5%),oil,field,5.1559,6.3688,https://www.gem.wiki/Gbaran_Oil_Field_(Nigeria)
Gbaran-Ubie Phase 2,Nigeria,operating,,2017,Shell Petroleum Development Company of Nigeria,,,oil and gas,project,4.9091,6.2877,https://www.gem.wiki/Gbaran-Ubie_Phase_2_Oil_and_Gas_Project_(Nigeria)
Gbetiokun,Nigeria,operating,,2019,NPDC,Seplat Petroleum (45%);Nigerian Petroleum Development Company,Seplat Petroleum (45%);Nigerian National Petroleum Corporation (45%),oil,field,5.9395,5.3406,https://www.gem.wiki/Gbetiokun_Oil_Field_(Nigeria)
Gbokoda,Nigeria,operating,,1998,Chevron,Chevron (40%);Nigerian National Petroleum Corporation (60%),Chevron Corporation (40%);Nigerian National Petroleum Corporation (60%),oil,field,5.871,5.187,https://www.gem.wiki/Gbokoda_Oil_Field_(Nigeria)
HA,Nigeria,in development,,2024 (expected),Shell,Shell (30%),Shell plc (30%),oil and gas,field,4.151,6.201,https://www.gem.wiki/HA_Oil_and_Gas_Field_(Nigeria)
Ibewa,Nigeria,operating,,,TotalEnergies E&P,TotalEnergies (40%);Nigerian National Petroleum Corporation (60%),TotalEnergies (40%);Nigerian National Petroleum Corporation (60%),oil and gas,field,5.232,6.655,https://www.gem.wiki/Ibewa_Oil_and_Gas_Field_(Nigeria)
Ibigwe,Nigeria,operating,,,Waltersmith Petroman Limited,,,oil and gas,field,5.352,6.837,https://www.gem.wiki/Ibigwe_Oil_and_Gas_Field_(Nigeria)
Ibot,Nigeria,in development,1979.0,2026 (expected),Mobil Producing Nigeria Unlimited,Nigerian Petroleum Development Company (60%);ExxonMobil (40%),Nigerian National Petroleum Corporation (60%);ExxonMobil Corporation (40%),oil,field,8.6806,7.5529,https://www.gem.wiki/Ibot_Oil_Field_(Nigeria)
Idoho,Nigeria,operating,1966.0,,Mobil,,,oil and gas,field,4.351,7.975,https://www.gem.wiki/Idoho_Oil_and_Gas_Field_(Nigeria)
Idu,Nigeria,operating,,,Nigerian Agip Oil Company,,,oil and gas,field,5.2782,6.5588,https://www.gem.wiki/Idu_Oil_and_Gas_Field_(Nigeria)
Ikike,Nigeria,in development,,,TotalEnergies E&P Nigeria,TotalEnergies E&P Nigeria Limited (40%);Nigerian National Petroleum Corporation (60%),TotalEnergies (40%);Nigerian National Petroleum Corporation (60%),oil and gas,field,4.241,7.539,https://www.gem.wiki/Ikike_Oil_and_Gas_Field_(Nigeria)
Ime,Nigeria,operating,,,TotalEnergies E&P,TotalEnergies (40%);Nigerian National Petroleum Corporation (60%),TotalEnergies (40%);Nigerian National Petroleum Corporation (60%),oil and gas,field,3.9595,7.7874,https://www.gem.wiki/Ime_Oil_and_Gas_Field_(Nigeria)
Imo River,Nigeria,operating,,,Nigerian Petroleum Development Company,,,oil and gas,field,4.9748,7.1968,https://www.gem.wiki/Imo_River_Oil_and_Gas_Field_(Nigeria)
Inanga,Nigeria,operating,,,Mobil,,,oil and gas,field,8.6806,7.5529,https://www.gem.wiki/Inanga_Oil_and_Gas_Field_(Nigeria)
Inim,Nigeria,operating,,,Mobil,,,oil and gas,field,4.2329,8.0097,https://www.gem.wiki/Inim_Oil_and_Gas_Field_(Nigeria)
Irri,Nigeria,operating,,,Nigerian Agip Oil Company,Oando Energy Resources (20%);Nigerian Agip Oil Company;Nigerian Petroleum Development Company,Oando Energy Resources (20%);Eni (20%);Nigerian National Petroleum Corporation (20%),oil and gas,field,6.2808,5.5386,https://www.gem.wiki/Irri_Oil_and_Gas_Field_(Nigeria)
Isobo,Nigeria,operating,,,Mobil,,,oil and gas,field,4.307,8.29,https://www.gem.wiki/Isobo_Oil_and_Gas_Field_(Nigeria)
Isoko South,Nigeria,operating,,,Nigerian Agip Oil Company,Oando Energy Resources (20%);Nigerian Agip Oil Company,Oando Energy Resources (20%);Eni (20%),oil and gas,field,6.2827,5.5134,https://www.gem.wiki/Isoko_South_Oil_and_Gas_Field_(Nigeria)
Itut,Nigeria,operating,,,Mobil,,,oil and gas,field,8.1378,4.4189,https://www.gem.wiki/Itut_Oil_and_Gas_Field_(Nigeria)
Iyak,Nigeria,operating,,,Mobil,,,oil,field,4.1998,8.1441,https://www.gem.wiki/Iyak_Oil_Field_(Nigeria)
Izombe,Nigeria,operating,,,Addax,,,oil and gas,field,5.607,6.829,https://www.gem.wiki/Izombe_Oil_and_Gas_Field_(Nigeria)
Kanbo,Nigeria,operating,,,Shell Petroleum Development Company of Nigeria,,,oil and gas,field,4.8909,5.6796,https://www.gem.wiki/Kanbo_Oil_and_Gas_Field_(Nigeria)
Kita Marine,Nigeria,operating,,,Addax,,,oil and gas,field,8.6806,7.5529,https://www.gem.wiki/Kita_Marine_Oil_and_Gas_Field_(Nigeria)
Kito,Nigeria,operating,1988.0,,Chevron,,,oil and gas,field,8.6806,7.5529,https://www.gem.wiki/Kito_Oil_and_Gas_Field_(Nigeria)
Kokori,Nigeria,operating,1960.0,1966,,Shoreline Natural Resources Limited (45%);Nigerian Petroleum Development Company (55%),Shoreline Power Company Limited (nan%);Heritage Oil Limited (nan%);Nigerian National Petroleum Corporation (55%),oil,field,5.655,6.077,https://www.gem.wiki/Kokori_Oil_Field_(Nigeria)
Koma,Nigeria,operating,,,Shell Petroleum Development Company of Nigeria,,,oil,field,8.6806,7.5529,https://www.gem.wiki/Koma_Oil_Field_(Nigeria)
Koroama,Nigeria,operating,,,Shell Petroleum Development Company of Nigeria,,,oil and gas,field,8.6806,7.5529,https://www.gem.wiki/Koroama_Oil_and_Gas_Field_(Nigeria)
Kwale,Nigeria,operating,1967.0,1967,Nigerian Agip Oil Company,Oando Energy Resources (20%);other (80%),Oando Energy Resources (20%),oil and gas,field,5.66,6.508,https://www.gem.wiki/Kwale_Oil_and_Gas_Field_(Nigeria)
Makaraba,Nigeria,operating,1973.0,,Chevron Nigeria Ltd,,,oil and gas,field,5.807,5.431,https://www.gem.wiki/Makaraba_Oil_and_Gas_Field_(Nigeria)
Malu,Nigeria,operating,1969.0,,Chevron,Chevron (40%),Chevron Corporation (40%),oil and gas,field,5.849,4.721,https://www.gem.wiki/Malu_Oil_and_Gas_Field_(Nigeria)
Manuso,Nigeria,operating,,,Nigerian Agip Oil Company,,,oil and gas,field,6.5035,5.0103,https://www.gem.wiki/Manuso_Oil_and_Gas_Field_(Nigeria)
Mbede,Nigeria,operating,,1972,Nigerian Agip Oil Company,Nigerian Agip Oil Company (20%);Oando Energy Resources (20%);Nigerian National Petroleum Corporation (60%),Eni (20%);Oando Energy Resources (20%);Nigerian National Petroleum Corporation (60%),oil and gas,field,6.748,5.485,https://www.gem.wiki/Mbede_Oil_and_Gas_Field_(Nigeria)
Mefa,Nigeria,operating,,,Chevron,,,oil and gas,field,8.6806,7.5529,https://www.gem.wiki/Mefa_Oil_and_Gas_Field_(Nigeria)
Meji,Nigeria,operating,1964.0,,Chevron,Chevron (40%);Nigerian National Petroleum Corporation (60%),Chevron Corporation (40%);Nigerian National Petroleum Corporation (60%),oil,field,5.45,5.139,https://www.gem.wiki/Meji_Oil_Field_(Nigeria)
Mejo,Nigeria,operating,,,Chevron,,,oil and gas,field,5.855,4.985,https://www.gem.wiki/Mejo_Oil_and_Gas_Field_(Nigeria)
Meren,Nigeria,operating,1965.0,1968,Chevron,Chevron (40%);Nigerian National Petroleum Corporation (60%),Chevron Corporation (40%);Nigerian National Petroleum Corporation (60%),oil,field,5.7876,4.8871,https://www.gem.wiki/Meren_Oil_Field_(Nigeria)
Mfem,Nigeria,operating,,,Mobil,,,oil and gas,field,4.286,8.2492,https://www.gem.wiki/Mfem_Oil_and_Gas_Field_(Nigeria)
"NEMC/1-4,ODEC/1,SBAR/1",Nigeria,operating,,,Aiteo Group,,,oil and gas,field,8.6806,7.5529,"https://www.gem.wiki/NEMC1-4,ODEC1,SBAR1_Oil_and_Gas_Field_(Nigeria)"
Nembe Creek East,Nigeria,operating,,,Shell Petroleum Development Company of Nigeria,,,oil and gas,field,4.4311,6.3149,https://www.gem.wiki/Nembe_Creek_East_Oil_and_Gas_Field_(Nigeria)
Nimbe South,Nigeria,operating,,,Nigerian Agip Oil Company,,,oil and gas,field,8.6806,7.5529,https://www.gem.wiki/Nimbe_South_Oil_and_Gas_Field_(Nigeria)
North Apoi,Nigeria,operating,,,Chevron,,,oil and gas,field,8.6806,7.5529,https://www.gem.wiki/North_Apoi_Oil_and_Gas_Field_(Nigeria)
Nun River,Nigeria,operating,,,Shell Petroleum Development Company of Nigeria,,,oil and gas,field,4.821,6.067,https://www.gem.wiki/Nun_River_Oil_and_Gas_Field_(Nigeria)
Obagi,Nigeria,operating,,1966,TotalEnergies E&P,TotalEnergies;Nigerian National Petroleum Corporation,TotalEnergies;Nigerian National Petroleum Corporation,oil and gas,field,5.2441,6.6605,https://www.gem.wiki/Obagi_Oil_and_Gas_Field_(Nigeria)
Obama,Nigeria,operating,,,Nigerian Agip Oil Company,,,oil and gas,field,4.647,6.246,https://www.gem.wiki/Obama_Oil_and_Gas_Field_(Nigeria)
Obea,Nigeria,operating,,,Shell Petroleum Development Company of Nigeria,,,oil and gas,field,8.6806,7.5529,https://www.gem.wiki/Obea_Oil_and_Gas_Field_(Nigeria)
Oben/Sapele/Amukpe (NPDC),Nigeria,operating,,,Nigerian Petroleum Development Company,Nigerian Petroleum Development Company (100%),Nigerian National Petroleum Corporation (100%),oil and gas,field,5.935,5.7243,https://www.gem.wiki/ObenSapeleAmukpe_(NPDC)_Oil_and_Gas_Field_(Nigeria)
Oben/Sapele/Amukpe (Seplat),Nigeria,operating,,,Seplat Petroleum,Seplat Petroleum (45%);Nigerian Petroleum Development Company (55%),Seplat Petroleum (45%);Nigerian National Petroleum Corporation (55%),oil and gas,complex,5.935,5.7243,https://www.gem.wiki/ObenSapeleAmukpe_(Seplat)_Oil_and_Gas_Field_(Nigeria)
Obiafu,Nigeria,operating,,,Nigerian Agip Oil Company,Eni S.P.A. (20%);Nigerian National Petroleum Corporation (60%);Oando Energy Resources (20%),Eni S.P.A. (20%);Nigerian National Petroleum Corporation (60%);Oando Energy Resources (20%),oil and gas,field,5.397,6.561,https://www.gem.wiki/Obiafu_Oil_and_Gas_Field_(Nigeria)
Obiafu 41,Nigeria,operating,2019.0,2019,Eni,,,oil and gas,field,5.2093,5.4619,https://www.gem.wiki/Obiafu_41_Oil_and_Gas_Field_(Nigeria)
Obiafu/Obrikom,Nigeria,operating,,,,Eni S.P.A. (20%);Nigerian National Petroleum Corporation (60%);Oando Energy Resources (20%),Eni S.P.A. (20%);Nigerian National Petroleum Corporation (60%);Oando Energy Resources (20%),oil and gas,complex,5.4174,6.5945,https://www.gem.wiki/Obiafu/Obrikom_Oil_and_Gas_Complex_(Nigeria)
Obigbo North,Nigeria,operating,,,TNOG Oil and Gas Limited,,,oil and gas,field,4.883,7.111,https://www.gem.wiki/Obigbo_North_Oil_and_Gas_Field_(Nigeria)
Obodugwa 3,Nigeria,operating,,,Pillar,,,oil and gas,field,8.6806,7.5529,https://www.gem.wiki/Obodugwa_3_Oil_and_Gas_Field_(Nigeria)
Obrikom,Nigeria,operating,,,Nigerian Agip Oil Company,Eni S.P.A. (20%);Nigerian National Petroleum Corporation (60%);Oando Energy Resources (20%),Eni S.P.A. (20%);Nigerian National Petroleum Corporation (60%);Oando Energy Resources (20%),oil and gas,field,4.6999,6.972,https://www.gem.wiki/Obrikom_Oil_and_Gas_Field_(Nigeria)
Odudu,Nigeria,operating,,,TotalEnergies E&P,,,oil and gas,field,8.6806,7.5529,https://www.gem.wiki/Odudu_Oil_and_Gas_Field_(Nigeria)
Ofon,Nigeria,operating,,1997,TotalEnergies E&P,TotalEnergies E&P Nigeria Limited (40%);Nigerian National Petroleum Corporation (60%),TotalEnergies (40%);Nigerian National Petroleum Corporation (60%),oil and gas,field,4.109,8.062,https://www.gem.wiki/Ofon_Oil_and_Gas_Field_(Nigeria)
Ogbainbiri,Nigeria,operating,,,Nigerian Agip Oil Company,Nigerian National Petroleum Corporation (60%);Nigerian Agip Oil Company (20%);Phillips Oil Company Nigeria Ltd (20%),Nigerian National Petroleum Corporation (60%);Eni (20%);Oando (nan%),oil and gas,field,4.8093,5.9711,https://www.gem.wiki/Ogbainbiri_Oil_and_Gas_Field_(Nigeria)
Ogbele,Nigeria,operating,,2005,Niger Delta Petroleum,Niger Delta Petroleum (100%),Niger Delta Exploration & Production PLC (100%),oil and gas,field,8.6806,7.5529,https://www.gem.wiki/Ogbele_Oil_and_Gas_Field_(Nigeria)
Ogo,Nigeria,in development,2013.0,2023,Optimum Petroleum Development,,,oil,field,6.3717,3.2953,https://www.gem.wiki/Ogo_Oil_Field_(Nigeria)
Okan,Nigeria,operating,1963.0,,Chevron,Chevron (40%);Nigerian National Petroleum Corporation (60%),Chevron Corporation (40%);Nigerian National Petroleum Corporation (60%),oil and gas,field,5.5813,5.0381,https://www.gem.wiki/Okan_Oil_and_Gas_Field_(Nigeria)
Okono/Okpoho,Nigeria,operating,1983.0,,Nigerian Agip Oil Company,Nigerian National Petroleum Corporation (100%),Nigerian National Petroleum Corporation (100%),oil and gas,field,3.935,7.3055,https://www.gem.wiki/OkonoOkpoho_Oil_and_Gas_Field_(Nigeria)
Okoro,Nigeria,operating,1973.0,2008,Afren Energy Resources,Afren Energy Resources (50%);Amni International (50%),Afren PLC (50%);Amni International (50%),oil and gas,field,4.404,7.8,https://www.gem.wiki/Okoro_Oil_and_Gas_Field_(Nigeria)
Okpai,Nigeria,operating,,,Nigerian Agip Oil Company,,,oil and gas,field,5.702,6.515,https://www.gem.wiki/Okpai_Oil_and_Gas_Field_(Nigeria)
Okporhuru,Nigeria,in development,,2013,Seplat,Seplat Petroleum (45%);Nigerian Petroleum Development Company (55%),Seplat Petroleum (45%);Nigerian National Petroleum Corporation (55%),oil,field,5.9094,5.8507,https://www.gem.wiki/Okporhuru_Oil_Field_(Nigeria)
Okwori,Nigeria,operating,,,Addax,,,oil and gas,field,3.842,6.953,https://www.gem.wiki/Okwori_Oil_and_Gas_Field_(Nigeria)
Okwuibome,Nigeria,operating,1979.0,,Sterling Exploration and Energy Production Company,Sterling Exploration and Energy Production Limited (80%);Allene Energy (20%),Sterling Exploration and Energy Production Limited (80%);Allene Energy (20%),oil and gas,field,5.7122,6.5456,https://www.gem.wiki/Okwuibome_Oil_and_Gas_Field_(Nigeria)
Ole,Nigeria,operating,,,Nigerian Agip Oil Company,,,oil and gas,field,8.6806,7.5529,https://www.gem.wiki/Ole_Oil_and_Gas_Field_(Nigeria)
Oleh,Nigeria,operating,,,Nigerian Agip Oil Company,Oando Energy Resources (20%);Nigerian Agip Oil Company;Nigerian Petroleum Development Company,Oando Energy Resources (20%);Eni (20%);Nigerian National Petroleum Corporation (20%),oil and gas,field,5.463,6.174,https://www.gem.wiki/Oleh_Oil_and_Gas_Field_(Nigeria)
Olomoro,Nigeria,operating,1962.0,1963,,Shoreline Natural Resources Limited (45%);Nigerian Petroleum Development Company (55%),Shoreline Power Company Limited (nan%);Heritage Oil Limited (nan%);Nigerian National Petroleum Corporation (55%),oil and gas,field,5.463,6.174,https://www.gem.wiki/Olomoro_Oil_and_Gas_Field_(Nigeria)
Olomoro-Oleh,Nigeria,operating,1962.0,1963,,,,oil,complex,5.463,6.174,https://www.gem.wiki/Olomoro-Oleh_Oil_Complex_(Nigeria)
Opkushi North,Nigeria,operating,,,Shell Petroleum Development Company of Nigeria,,,oil and gas,field,8.6806,7.5529,https://www.gem.wiki/Opkushi_North_Oil_and_Gas_Field_(Nigeria)
Opuama,Nigeria,operating,1972.0,1975,Nigerian Petroleum Development Company,Nigerian Petroleum Development Company (55%);Eland Oil & Gas (45%),Nigerian National Petroleum Corporation (55%);Seplat Petroleum (45%),oil,field,5.9596,5.0682,https://www.gem.wiki/Opuama_Oil_Field_(Nigeria)
Opukushi,Nigeria,operating,,,Shell Petroleum Development Company of Nigeria,Shell;Nigerian National Petroleum Corporation,Shell plc;Nigerian National Petroleum Corporation,oil and gas,field,4.9159,5.7643,https://www.gem.wiki/Opukushi_Oil_and_Gas_Field_(Nigeria)
Oredo (NDPC),Nigeria,operating,,1996,Nigerian Petroleum Development Company,Nigerian Petroleum Development Company,Nigerian National Petroleum Corporation,oil and gas,field,6.075,5.585,https://www.gem.wiki/Oredo_(NDPC)_Oil_and_Gas_Field_(Nigeria)
Oron West,Nigeria,operating,,,Addax,,,oil and gas,field,8.6806,7.5529,https://www.gem.wiki/Oron_West_Oil_and_Gas_Field_(Nigeria)
Oroni,Nigeria,operating,1965.0,1970,,Shoreline Natural Resources Limited (45%);Nigerian Petroleum Development Company (55%),Shoreline Power Company Limited (nan%);Heritage Oil Limited (nan%);Nigerian National Petroleum Corporation (55%),oil,field,5.368,6.148,https://www.gem.wiki/Oroni_Oil_Field_(Nigeria)
Oshi,Nigeria,operating,,,Nigerian Agip Oil Company,Nigerian Agip Oil Company (20%);Oando Energy Resources (20%);Shell Petroleum Development Company of Nigeria;Nigerian National Petroleum Corporation,Eni (20%);Oando Energy Resources (20%);Nigerian National Petroleum Corporationand Nigerian Agip Oil Company limited (NAOC) 5% (11%);Shell plc (6%);TotalEnergies (2%);Eni (1%);Nigerian National Petroleum Corporation (20%),oil and gas,field,5.098,6.467,https://www.gem.wiki/Oshi_Oil_and_Gas_Field_(Nigeria)
Oso,Nigeria,operating,1967.0,1992,Seplat Petroleum,Seplat Petroleum (40%);Nigerian National Petroleum Corporation (60%),Seplat Petroleum (40%);Nigerian National Petroleum Corporation (60%),oil and gas,field,4.291,7.617,https://www.gem.wiki/Oso_Oil_and_Gas_Field_(Nigeria)
Ossu,Nigeria,operating,1974.0,,Addax,,,oil and gas,field,5.625,6.766,https://www.gem.wiki/Ossu_Oil_and_Gas_Field_(Nigeria)
Otakikpo,Nigeria,operating,1980.0,2017,Green Energy International Limited,Green Energy International Limited (60%);Lekoil Oil and Gas (40%),Green Energy International Limited (60%);Lekoil (40%),oil and gas,field,8.6806,7.5529,https://www.gem.wiki/Otakikpo_Oil_and_Gas_Field_(Nigeria)
Otumara,Nigeria,operating,,,Shell Petroleum Development Company of Nigeria,Shell;Nigerian National Petroleum Corporation,Shell plc;Nigerian National Petroleum Corporation,oil and gas,field,5.6758,5.1409,https://www.gem.wiki/Otumara_Oil_and_Gas_Field_(Nigeria)
Oweh,Nigeria,operating,1964.0,1966,Nigerian Petroleum Development Company,Nigerian Petroleum Development Company (55%);Shoreline Natural Resources Limited (45%),Nigerian National Petroleum Corporation (55%);Shoreline Power Company Limited (nan%);Heritage Oil Limited (nan%),oil,field,5.491,6.122,https://www.gem.wiki/Oweh_Oil_Field_(Nigeria)
Oyo,Nigeria,operating,,,Allied/Camac,,,oil and gas,field,5.391,4.629,https://www.gem.wiki/Oyo_Oil_and_Gas_Field_(Nigeria)
Oyot,Nigeria,operating,,,Mobil,Nigerian National Petroleum Corporation;ExxonMobil,Nigerian National Petroleum Corporation;ExxonMobil Corporation,oil and gas,field,4.28,7.731,https://www.gem.wiki/Oyot_Oil_and_Gas_Field_(Nigeria)
Parabe/Eko,Nigeria,operating,,,Chevron,Chevron (40%),Chevron Corporation (40%),oil and gas,field,5.892,4.841,https://www.gem.wiki/ParabeEko_Oil_and_Gas_Field_(Nigeria)
Pennington,Nigeria,operating,,,Chevron,,,oil and gas,field,4.641,5.459,https://www.gem.wiki/Pennington_Oil_and_Gas_Field_(Nigeria)
Pirigbene,Nigeria,operating,,,Nigerian Agip Oil Company,,,oil and gas,field,8.6806,7.5529,https://www.gem.wiki/Pirigbene_Oil_and_Gas_Field_(Nigeria)
Preowei,Nigeria,in development,2003.0,2024 (expected),TotalEnergies E&P Nigeria Limited,,,oil,field,3.0396,6.7017,https://www.gem.wiki/Preowei_Oil_Field_(Nigeria)
Qua Ibo,Nigeria,operating,,,Network E&P Limited,,,oil and gas,field,8.6806,7.5529,https://www.gem.wiki/Qua_Ibo_Oil_and_Gas_Field_(Nigeria)
Robertkiri,Nigeria,operating,1964.0,1979,Belemaoil Producing Limited,Belemaoil Producing Limited (40%);Nigerian National Petroleum Corporation (60%),Seplat Petroleum (22.5%);Nigerian National Petroleum Corporation (60%),oil and gas,field,4.5378,6.6301,https://www.gem.wiki/Robertkiri_Oil_and_Gas_Field_(Nigeria)
Samabiri East,Nigeria,operating,,,Nigerian Agip Oil Company,Nigerian National Petroleum Corporation (60%);Nigerian Agip Oil Company (20%);Phillips Oil Company Nigeria Ltd (20%),Nigerian National Petroleum Corporation (60%);Eni (20%);Oando (nan%),oil and gas,field,8.6806,7.5529,https://www.gem.wiki/Samabiri_East_Oil_and_Gas_Field_(Nigeria)
Santa Barbara,Nigeria,operating,,,Aiteo Eastern E&P Company Limited,Aiteo Eastern E&P Company Limited (45%),Aiteo Eastern E&P Company Limited (45%),oil and gas,field,4.5662,6.5317,https://www.gem.wiki/Santa_Barbara_Oil_and_Gas_Field_(Nigeria)
Sapele shallow,Nigeria,operating,,,Seplat,Seplat Petroleum (45%);Nigerian Petroleum Development Company (55%),Seplat Petroleum (45%);Nigerian National Petroleum Corporation (55%),oil,field,5.9126,5.5745,https://www.gem.wiki/Sapele_shallow_Oil_Field_(Nigeria)
Seibou,Nigeria,operating,,,Shell Petroleum Development Company of Nigeria,,,oil and gas,field,8.6806,7.5529,https://www.gem.wiki/Seibou_Oil_and_Gas_Field_(Nigeria)
Soku,Nigeria,operating,,1999,Shell Petroleum Development Company of Nigeria,Shell (30%);Nigerian National Petroleum Corporation (55%);TotalEnergies E&P Nigeria Limited (10%);Eni S.P.A. (5%),Shell plc (30%);Nigerian National Petroleum Corporation (55%);TotalEnergies (10%);Eni S.P.A. (5%),oil,field,4.6711,6.6344,https://www.gem.wiki/Soku_Oil_Field_(Nigeria)
Sonam,Nigeria,operating,,2017,Chevron,Chevron (40%);Nigerian National Petroleum Corporation (60%),Chevron Corporation (40%);Nigerian National Petroleum Corporation (60%),oil and gas,field,5.497,4.819,https://www.gem.wiki/Sonam_Oil_and_Gas_Field_(Nigeria)
Taylor Creek,Nigeria,operating,,,Nigerian Agip Oil Company,,,oil and gas,field,8.6806,7.5529,https://www.gem.wiki/Taylor_Creek_Oil_and_Gas_Field_(Nigeria)
Tubu,Nigeria,discovered,1965.0,,Amni Petroleum,Amni International (40%),Amni International (40%),oil,field,4.404,7.3,https://www.gem.wiki/Tubu_Oil_Field_(Nigeria)
Tunu,Nigeria,operating,,,Shell Petroleum Development Company of Nigeria,Nigerian National Petroleum Corporation (55%);Royal Dutch Shell (30%);TotalEnergies E&P Nigeria Limited (10%);Eni S.P.A. (5%),Nigerian National Petroleum Corporation (55%);Shell plc (nan%);TotalEnergies (10%);Eni S.P.A. (5%),oil and gas,field,4.9134,5.6344,https://www.gem.wiki/Tunu_Oil_and_Gas_Field_(Nigeria)
Ubit,Nigeria,operating,,1970,Mobil,ExxonMobil (40%);Nigerian National Petroleum Corporation (60%),ExxonMobil Corporation (40%);Nigerian National Petroleum Corporation (60%),oil,field,4.23,8.1246,https://www.gem.wiki/Ubit_Oil_Field_(Nigeria)
Ughelli East,Nigeria,operating,1959.0,,Nigerian Petroleum Development Company,Nigerian Petroleum Development Company;ND Western,Nigerian National Petroleum Corporation;Niger Delta Petroleum;Petrolin Trading Limited;FIRST Exploration & Petroleum Development Company Ltd.;Walter-Smith Exploration and Production Limited,oil and gas,field,5.5197,5.933,https://www.gem.wiki/Ughelli_East_Oil_and_Gas_Field_(Nigeria)
Ukpam,Nigeria,operating,1989.0,,Addax,,,oil and gas,field,8.6806,7.5529,https://www.gem.wiki/Ukpam_Oil_and_Gas_Field_(Nigeria)
Umusadege,Nigeria,operating,1974.0,2008,Midwestern Oil and Gas Limited,Midwestern Oil & Gas Company Limited (70%);SunTrust Oil Company Limited (30%),Midwestern Oil & Gas Company Limited (70%);SunTrust Oil Company Limited (30%),oil and gas,field,5.414,6.477,https://www.gem.wiki/Umusadege_Oil_and_Gas_Field_(Nigeria)
Unam,Nigeria,operating,,,Mobil,,,oil and gas,field,4.3086,8.196,https://www.gem.wiki/Unam_Oil_and_Gas_Field_(Nigeria)
Uquo,Nigeria,operating,1958.0,,Savannah Energy,Savannah Energy (80%);African Infrastructure Investment Managers (20%),Savannah Energy (80%);Macquarie (nan%);Old Mutual (nan%),oil and gas,field,7.9179,4.6472,https://www.gem.wiki/Uquo_Oil_and_Gas_Field_(Nigeria)
Usan,Nigeria,operating,2002.0,2012,Esso Exploration and Production Nigeria (Offshore East),TotalEnergies (20%);Chevron Petroleum Nigeria (30%);Esso Exploration and Production Nigeria (Offshore East) (30%);China National Petroleum Corporation (20%),TotalEnergies (20%);Chevron Corporation (30%);ExxonMobil Corporation (30%);China National Petroleum Corporation (20%),oil,field,3.557,7.456,https://www.gem.wiki/Usan_Oil_Field_(Nigeria)
Usari,Nigeria,operating,1964.0,,Seplat Petroleum,Seplat Petroleum (40%);Nigerian National Petroleum Corporation (60%),Seplat Petroleum (40%);Nigerian National Petroleum Corporation (60%),oil,field,4.229,7.768,https://www.gem.wiki/Usari_Oil_Field_(Nigeria)
Utonana,Nigeria,operating,,,Chevron,,,oil and gas,field,5.7263,5.3533,https://www.gem.wiki/Utonana_Oil_and_Gas_Field_(Nigeria)
Utorogu/Ugheli (ND Western),Nigeria,operating,,,ND Western,,,oil and gas,field,5.4547,5.8821,https://www.gem.wiki/UtoroguUgheli_(ND_Western)_Oil_and_Gas_Field_(Nigeria)
Utorogu/Ugheli (NPDC),Nigeria,operating,,,Nigerian Petroleum Development Company,FIRST Exploration & Petroleum Development (55%);Petrolin Group (20.3%);Nigerian National Petroleum Corporation (20.2%),FIRST Exploration & Petroleum Development Company Ltd. (55%);Petrolin (20.3%);Nigerian National Petroleum Corporation (20.2%),oil and gas,field,5.4547,5.8821,https://www.gem.wiki/UtoroguUgheli_(NPDC)_Oil_and_Gas_Field_(Nigeria)
Utue,Nigeria,operating,,,Mobil,,,oil and gas,field,4.183,8.213,https://www.gem.wiki/Utue_Oil_and_Gas_Field_(Nigeria)
Uzu,Nigeria,operating,1971.0,,Shell,Shell (30%);Nigerian National Petroleum Corporation;Nigerian Agip Oil Company;TotalEnergies,Shell plc (30%);Nigerian National Petroleum Corporation (30%);Eni (30%);TotalEnergies (30%),oil and gas,field,5.0741,6.3546,https://www.gem.wiki/Uzu_Oil_and_Gas_Field_(Nigeria)
Yoho,Nigeria,operating,1991.0,2003,Mobil,Nigerian National Petroleum Corporation (60%);Mobil Producing Nigeria Unlimited (40%),Nigerian National Petroleum Corporation (60%);Exxon Mobil (40%),oil and gas,field,3.894,7.463,https://www.gem.wiki/Yoho_Oil_and_Gas_Field_(Nigeria)
Zara,Nigeria,operating,,,Shell Petroleum Development Company of Nigeria,Nigerian National Petroleum Corporation (55%);Shell Petroleum Development Company of Nigeria (30%);TotalEnergies E&P Nigeria Limited (10%);Nigerian Agip Oil Company (5%),Nigerian National Petroleum Corporation (55%);Nigerian National Petroleum Corporationand Nigerian Agip Oil Company limited (NAOC) 5% (16.5%);Shell plc (9%);TotalEnergies (3%);Eni (1.5%);TotalEnergies (10%);Eni (5%),oil,field,8.6806,7.5529,https://www.gem.wiki/Zara_Oil_Field_(Nigeria)
Zarama,Nigeria,operating,,,Shell Petroleum Development Company of Nigeria,,,gas,field,5.1239,6.3925,https://www.gem.wiki/Zarama_Gas_Field_(Nigeria)
